hashtag,frequency
ai,4897
chatgpt,4596
hodl,3680
crypto,2624
airdrop,2477
nft,2431
web3,1979
ath,1937
openai,1501
gpt,1304
gpt3,449
artificialintelligence,396
aiart,358
chatgpt4,326
aiartworks,241
microsoft,239
generativeai,230
midjourney,218
openaichatgpt,183
emergingtech,175
machinelearning,163
google,150
gpt5,128
bing,124
agi,103
dominospiday,97
llm,94
optimus,82
sksync,80
bard,79
llms,78
nlp,77
jets,75
domains,69
midjourneyv5,68
innovation,67
tech,67
technology,59
bitcoin,56
bingai,55
chatgptplus,55
art,54
aipoem,52
haaland,51
btc,51
dangpt,49
stablediffusion,47
waller,47
chatbot,46
transcription,45
startups,45
elonmusk,43
gilmore,42
ederson,41
giants,41
domain,40
metaverse,40
binance,38
buildinpublic,38
domainnames,37
steph,37
chatgpt3,37
artificalintelligence,36
nowai,36
python,36
developer,35
eth,35
mets,34
ml,33
gptchat,33
cryptonews,32
devops,32
hustlegpt,32
artificial_intelligence,32
gpt_4,32
datascience,32
cobb,32
snowfallfx,31
dalle,31
nftdrops,30
blacksea,30
nftartists,30
nftcollector,30
bingchat,29
domainnameforsale,29
raiders,28
rodgers,28
appdev,27
promptengineering,26
cybersecurity,26
ethereum,26
prompts,25
copilot,25
singularity,25
deeplearning,25
googlebard,25
nftmint,25
cryptocurrency,24
litho,24
aitools,24
opensource,24
aiartwork,24
api,23
midjourney5,23
aleagueoftheirown,23
jungkook,23
twitter,23
blockchain,22
claude,21
technews,21
italy,21
chat,21
programming,21
chatbots,20
education,20
startup,20
coding,20
robotics,20
trending,20
finance,19
cryptogpt,19
digitalart,19
jisoodebutmarch31,18
bardai,18
fortnite,18
marketing,18
bigdata,18
tunsil,18
ceedee,18
lunc,18
domainsforsale,18
nfts,17
gpt4erc,17
dalle2,17
investing,17
doge,17
security,17
javascript,17
fortnitefanart,17
aiartistcommunity,17
iot,17
fortnitemega,17
palm,17
autogpt,16
franklin,16
piday,16
data,16
business,15
future,15
digitalpainting,15
robot,15
multimodal,14
jobs,14
science,14
fashion,14
caigpt,14
damus,14
gpt34,14
fintech,14
tesla,14
prompt,13
saas,13
youtube,13
swift,13
nftart,13
jjk217,13
revolutionize,13
privacy,13
gamedev,12
seo,12
digitalhealth,12
midjourneyai,12
mlsogood,12
ethics,12
meta,11
edtech,11
elon,11
shadowandbone,11
cx,11
insurtech,11
developers,10
midjourneyart,10
gpt4all,10
woman,10
digitalmarketing,10
genai,10
domainname,10
podcast,10
indiedev,10
llama,10
midjourneyprompts,10
futuretech,10
ia,10
futureofwork,9
content,9
degenai,9
agix,9
vintage,9
linkedin,9
accessibility,9
code,9
news,9
baidu,9
aewdynamite,9
coinbase,9
sinso,9
domainforsale,9
prompting,9
paradoxofprogress,9
googleai,9
defi,9
aiartcommunity,9
nftcommunity,9
bot,9
skynet,8
wordpress,8
apple,8
budget2023,8
gptt,8
celebrity,8
automation,8
gai,8
circle,8
ufotwitter,8
fashiontech,8
selfdrivingcars,8
twitch,8
job,8
5g,8
aiassistants,8
honeymoon,8
shibarium,8
svb,8
analytics,8
nocode,8
robots,8
wednesdaymotivation,7
venturecapital,7
matrixainetwork,7
music,7
nostr,7
bnb,7
language,7
apps,7
speakergpt,7
arbitrum,7
fet,7
100daysofcode,7
games,7
yunatoken,7
tiktok,7
animals,7
oscars,7
equalpayday,7
stocks,7
reddit,7
medicine,7
langchain,7
github,7
p5js,7
chess,7
drake,7
socialmedia,7
edtechchat,7
nowaiart,7
media,7
alpaca,7
khanacademy,7
languagemodels,7
human,7
ameca,7
healthcare,7
usa,7
plugins,7
leetcode,6
regulation,6
imagecreator,6
plato,6
research,6
conversationalai,6
shibgpt4,6
usdt,6
freelancer,6
philosophy,6
monkex_ai_nftgeneration,6
usdc,6
svbcollapse,6
neuralink,6
ios,6
bemyeyes,6
scifiaiart,6
flutter,6
gpt4x,6
gpts,6
excel,6
entrepreneur,6
piday2023,6
trading,6
programmers,6
risks,6
thedigitalexecutive,6
coruzant,6
design,6
siliconvalleybank,6
gaming,6
mentalhealth,6
chatux,6
chatgpt5,6
promptengineers,6
gptai,6
marchmadness,6
fptech2,6
openais,6
mcirbl,6
aiethics,6
gpt4chain,6
discord,6
duolingo,6
nvidia,6
china,6
tools,6
consulting,6
automotive,6
carselfie,6
bsc,6
gpt6,6
ainews,6
datasecurity,6
trump,6
publicrelations,5
meme,5
vc,5
demo,5
dnd,5
ftc,5
blip2,5
app,5
celebrities,5
taylor,5
microsoft365,5
happypiday,5
litrpg,5
scifi,5
image,5
cloudsecurity,5
rodgerswatch,5
gpt247,5
marketingai,5
development,5
video,5
siri,5
generative,5
thread,5
academicintegrity,5
layoffs,5
buildinginpublic,5
search,5
bullmarket,5
infosec,5
altcoinseason,5
cryptoai,5
gpt35,5
nlproc,5
wordle,5
breakingnews,5
web,5
experts,5
users,5
tshirt,5
newbing,5
images,5
poem,5
microsoft365copilot,5
mq9,5
pump,5
mintprimer,5
ux,5
poe,5
dev,5
bolu,5
webdevelopment,5
forex,5
stem,5
money,5
webdesign,5
cryptogpt4,5
wallpapers,5
levelup,5
blackseagraininitiative,5
gpt7,5
livestream,5
naturewallpapers,4
cardano,4
fiverrgig,4
responsibleai,4
hyunjin,4
‡∏ô‡∏¥‡∏Å‡∏Å‡∏µ‡πâ‡∏Å‡πâ‡∏≠‡∏¢,4
gptwitter,4
decisions,4
computer,4
tshirtprinting,4
whisper,4
decisionmaking,4
pytorch,4
hr,4
aiprompts,4
marketupdate,4
alphabet,4
saturdaymorning,4
wbcÊ∫ñ„ÄÖÊ±∫Âãù,4
plugin,4
stablediffusionai,4
career,4
treasure_helloinjkt,4
chatgptplugins,4
prgpt,4
indiehackers,4
mondaythoughts,4
spacex,4
anthropic,4
intelligence,4
finsevr,4
fiverr,4
creativity,4
india,4
bnbchain,4
love,4
googlealerts,4
artificial,4
matrix,4
safety,4
writing,4
viral,4
html,4
copilotx,4
unity3d,4
com,4
samaltman,4
sale,4
chatgptopenai,4
smarter,4
gtp,4
jailbreak,4
deepmind,4
aigc,4
turingtest,4
zendaya,4
r4today,4
contentmarketing,4
securitycopilot,4
text,4
pakistan,4
humanity,4
radres,4
notion,4
dalle3,4
metabot,4
ki,4
unrealengine5,4
domaining,4
fakenews,4
breaking,4
jorgejavier,4
aiassistant,4
vr,4
iphone,4
musk,4
largelanguagemodel,4
budgetday2023,4
css,4
openaiapi,4
release,4
software,4
blog,4
training,4
netflix,4
java,4
product,4
chatgptË¥¶Âè∑,4
worksmart,4
webthreed,4
metabeatnft,4
webthree,4
gamechanger,4
web3community,4
math,4
gpt2,4
lawyers,4
website,4
legaltech,4
anime,4
illustrator,4
live,4
trendingnow,4
usd,3
architecture,3
cognition,3
mentalhealthmatters,3
poetry,3
writingcommunity,3
web5,3
algorithms,3
books,3
sundaymorning,3
erniebot,3
tiktokdown,3
postline,3
idlegame,3
entrepreneurs,3
germany,3
pause,3
bloomberggpt,3
indian,3
substack,3
bbtitans,3
gptelite,3
leaders,3
history,3
rstats,3
compchem,3
apiplugins,3
preject,3
jmu,3
cryptos,3
al,3
gpt4api,3
school,3
covid19,3
gptminer,3
game,3
chagpt,3
roboats,3
alignment,3
contentcreation,3
verse,3
ivestroai,3
replit,3
airesearch,3
firefly,3
aiweb3,3
mj,3
nasdaq,3
roboat,3
god,3
languages,3
chainback,3
cryptocurrencies,3
xrp,3
dataprivacy,3
stabledifusion,3
stanford,3
alternativeuniverse,3
intelligenzaartificiale,3
aipowered,3
transformers,3
forsale,3
ens,3
productivity,3
lamda,3
instagood,3
100x,3
shipping,3
webdev,3
yachting,3
chatgptinsights,3
yacht,3
interstellar,3
dan,3
mask,3
nlg,3
medtwitter,3
cryptocurency,3
life,3
gmail,3
azure,3
drchattie,3
web3gaming,3
generativeart,3
aiartist,3
jan6th,3
creativecoding,3
artificialgeneralintelligence,3
chatgptonline,3
bitboy,3
walmart,3
ucla,3
deeptech,3
contentcreator,3
powerpoint,3
europe,3
prestashop,3
trade,3
ernie,3
dogecoin,3
nasa,3
emergent,3
jpl,3
engineering,3
giveaway,3
gamelit,3
copywriting,3
nationalshutdown,3
cincinnatibengals,3
airevolution,3
foamrad,3
aiartcommuity,3
googlepay,3
frontenddeveloper,3
bb16,3
thababgmazibuko,3
humans,3
jedaai,3
vscode,3
comedy,3
hacking,3
supplychains,3
fletcher,3
ohio,3
visual,3
tradingstrategy,3
stocktrading,3
physicaltherapy,3
memes,3
physio,3
cool,3
dpt,3
humor,3
ui,3
fryl,3
animeart,3
graphicdesigner,3
illustrationart,3
big,3
openal,3
linux,3
dunnet,3
token,3
youtubemarketing,3
youtuber,3
ethicalai,3
ailanguagemodel,3
keeptrending,3
youtubeseo,3
learning,3
v5,3
producthunt,3
twitchstreamer,3
devsecops,3
chatgptai,3
virtualreality,3
spanish,3
shiba,3
interiordesign,3
thelema,3
graphicdesign,3
babyagi,3
altcoin,3
softwareengineering,3
clip,3
quantum,3
gpt_3_playground,3
model,3
gpt_3,3
world,3
digitart,3
performance,3
gpt_alat,3
creditsuisse,3
languagemodel,2
excited,2
microsoftbing,2
getahead,2
elmar,2
flaws,2
urge,2
coingabbar,2
characterai,2
ulysses,2
ps5,2
writer,2
rpl,2
android,2
zksync,2
roblox,2
aicoins,2
replikaai,2
canva,2
techtuesday,2
chaingpt,2
trumpindictment,2
fix,2
gold,2
tinder,2
lionary,2
labs,2
tips,2
computerscience,2
brandmetaverse,2
huobi,2
exam,2
keyitech,2
azureopenai,2
chatgtp,2
ideas,2
dax,2
smes,2
icml2023,2
aitechnology,2
chaptgpt,2
enlosblogs,2
brain,2
work,2
loona,2
fyp,2
gt7,2
bgpt4erc,2
ceptbiro,2
quran,2
tecnoestr√©s,2
layer2,2
secinfo,2
telehealth,2
blip,2
adaniscam,2
comingsoon,2
nigeria,2
reasoning,2
disinformation,2
indiegamedev,2
shorts,2
powerful,2
geek,2
oracle,2
fail,2
programmingmemes,2
asake,2
aiforbusiness,2
minoritiesunited,2
storytellers,2
newtech,2
technologynews,2
advertising,2
futureoflife,2
writers,2
diamondintheroughbooks,2
openapi,2
bitverse,2
bit,2
basedai,2
basedgpt,2
gamer,2
transformer,2
thelastofushbo,2
chatai,2
law,2
outsource,2
largelanguagemodels,2
imessage,2
wozniak,2
facebookdown,2
icloud,2
visualchatgpt,2
privacymatters,2
smmw23,2
medium,2
hacked,2
hybrid,2
wow,2
gpt4launch,2
explore,2
thebitverse,2
digitalid,2
safer,2
devcommunity,2
a11y,2
wmd,2
rarible,2
woke,2
tldr,2
chatgptdown,2
silver,2
edchat,2
debate,2
augmentedreality,2
outsourcing,2
mta,2
giantkiller,2
multimedia,2
alphafold,2
feature,2
languageprocessing,2
gptoday,2
„ÅÇ„Çì„Çπ„Çø„Ç¶„Çß„É´„Ç´„É†Á•≠,2
chatgptapi,2
rethinkandgrowrich,2
cincinnati,2
tking,2
antifa,2
plus,2
confirmed,2
morning,2
sunrise,2
maths,2
polarbear,2
supremecourt,2
chatgptnews,2
aiphoto,2
nonfungible,2
memory,2
algorithm,2
naatunaatu,2
realestate,2
nftproject,2
it,2
bankcollapse,2
travisscott,2
gptx,2
technologies,2
itsviral,2
play2earn,2
tuesdayfeeling,2
caturday,2
earlyaccess,2
powershellai,2
dubai,2
gptpr,2
clippy,2
thesingularity,2
memecoin,2
office365,2
reality,2
metamask,2
dalle2exp,2
aichatbot,2
midjouney,2
fomo,2
chatting,2
experience,2
unrealengine,2
mana,2
csharp,2
thisworld,2
outlook,2
word,2
anticipate,2
glsl,2
women,2
today,2
alexa,2
scrum,2
test,2
archean,2
captcha,2
lgradiator,2
taxes,2
bots,2
lqty,2
marijuana,2
timetravel,2
dataanalytics,2
datafam,2
letsconnect,2
gans,2
artficialintelligence,2
nftcommuntiy,2
radiology,2
foamed,2
npc,2
academia,2
television,2
jacknguyentech,2
nandinews,2
story,2
fantasy,2
moon,2
callofduty,2
gem,2
access,2
dynamicscon,2
sundayvibes,2
trend,2
mothersday,2
gregbrockman,2
earningwithgpt4,2
boatlife,2
languagelearning,2
blind,2
sundayfunday,2
bittensor,2
justbuildit,2
donaldtrump,2
omnicon,2
neuroniai,2
occulthistory,2
nothing,2
integration,2
concept,2
iqooz75g,2
iqoo,2
airtel5gplus,2
airtel,2
apis,2
monsterjam,2
mjgpt,2
theoryofmind,2
mlops,2
quora,2
internet,2
advice,2
risky,2
aiera,2
stripe,2
gbpusd,2
mintingsoon,2
gpt4real,2
experiment,2
flower,2
smartcontracts,2
‡πÑ‡∏ö‡∏£‡πå‡∏ó‡∏ß‡∏¥‡∏ô,2
russia,2
spotify,2
hookedaisensei,2
notionai,2
vision,2
storytelling,2
elevenlabs,2
paper,2
ordinals,2
dataviz,2
hack,2
youtubedigest,2
flutterdev,2
aidetector,2
stophazaragenocide,2
university,2
name,2
techbasenigeria,2
techbase,2
palmapi,2
productmanagement,2
services,2
upsc,2
freesydney,2
linguistics,2
invest,2
usdtether,2
nfl,2
discernatively,2
talk,2
codex,2
mnwild,2
asianmodel,2
aichat,2
problems,2
swiftui,2
tax,2
softwareengineer,2
100devs,2
learn,2
sparks,2
generalintelligence,2
bug,2
automomy,2
aistories,2
fiverrseller,2
heteronomy,2
legal,2
aivideo,2
digitalmodel,2
makeupartist,2
asiandoll,2
techupdate,2
asiangirls,2
good,2
everquest,2
imnews,2
gpt35turbo,2
microsoftteams,2
impact,2
pong,2
scary,2
understand,2
japan,2
office,2
hacker,2
aiforgood,2
barexam,2
paranormal,2
cfx,2
cybercrime,2
resume,2
journalism,2
gptdata,2
fact,2
moneseai,2
dhivehigpt,2
justdoit,2
brootswasright,2
brand,2
travel,2
jackma,2
softwaredevelopment,2
words,2
if,2
thatzerofeeling,2
letthehuntbegin,2
aprilfoolsday,2
sql,2
french,2
pointless,2
pausing,2
argue,2
aprilfools,2
justsaying,2
2yodoindia,2
webflow,2
mobileapps,2
audiences,2
audio,2
song,2
trumparrest,2
aitool,2
audiencias,2
climatechange,2
altcoins,2
aprilfoolday,2
msft,2
whatsapp,2
aiia,2
programminghumor,2
theletter,2
twittergrowth,2
academictwitter,2
pharma,2
workflow,2
aisafety,2
calo,2
registrars,2
blender,2
parameters,2
neuralnetwork,2
tradinghelper,2
mssecure,2
neuralnetworks,2
bloomberg,2
datascientists,2
gamefi,2
aimunch,2
synthetic,2
caidp,2
cloud,2
bostondynamics,2
elon_musk,2
daes,2
monalisa,2
scroogeai,2
ai„Ç§„É©„Çπ„Éà,2
ad,2
bingchatgpt,2
uidesign,2
googleads,2
marginrewards,2
writesonic,2
capitalism,2
power,2
aihype,2
pgvector,2
uxdesign,2
jokes,2
kommunitas,2
stockmarket,2
googleclassroom,2
engageai,2
iosdev,2
uiux,2
tetris,2
dart,2
naturallanguageprocessing,2
consciousness,2
asi,2
talentgpt,2
adhd,2
satire,2
ceo,2
beamery,2
blogger,2
babydoge,2
onepersonaistartup,2
facts,2
newblogpost,2
futurist,2
tamil,2
growth,2
train,2
learnchatgpt,2
3d,2
dao,2
creatoreconomy,2
difines,2
pokemon,2
promptengineer,2
democracy,2
emotionalintelligence,2
confirms,2
stockfish,2
selldomains,2
fsdbeta,2
wolfram,2
daos,2
godaddy,2
gtp3,2
midjourneyartwork,2
webchatgpt,2
shift,2
vicuna,2
lnif23,2
videos,2
gptall,2
marketplace,2
ban,2
haskell,2
wef,2
digital,2
harari,2
universities,2
january6,2
workers,2
busd,2
retailer,2
gptzero,2
designer,2
pauseai,2
strategy,2
trippy,2
editorial,2
foundationmodels,2
project,2
samsonai,2
sanfrancisco,2
buydomains,2
fun,2
alienapigpt,2
budgeting,2
building,2
neuroni,2
cyborg,2
transhumanism,2
didyouknow,1
ŸäŸàŸÖ_ÿßŸÑÿ∑ŸÅŸÑ_ÿßŸÑÿßŸÖÿßÿ±ÿßÿ™Ÿä,1
turkey,1
4dayweek,1
imrankhan,1
tusd,1
pedsrad,1
dietitian,1
foodies,1
creatoreconomics,1
aftermarket,1
chatgptsuccessor,1
emiratichildrensday,1
selfelaketi,1
fillintheblank,1
blogging,1
portrait,1
shibariumgpt,1
nextlevel,1
radtwitter,1
cfos,1
poll,1
essay,1
pocus,1
musicblog,1
sanliurfa,1
twittereffect,1
raded,1
foamus,1
20thofmarch,1
advisormarketing,1
t32023,1
idesofmarch,1
musiclovers,1
aichatbots,1
fsharp,1
sentientsyllabus,1
btc40,1
uniquetimes,1
tutor,1
digitalvidya,1
walle,1
uncannyvalley,1
brownbuttonio,1
firsttweet,1
techstartup,1
masquerading,1
songs,1
spt,1
oi,1
slams,1
lightning,1
voicebots,1
nanobots,1
oribo,1
skyrim,1
svb_financial,1
chainofthought,1
nolimits,1
teko√§ly,1
ios16,1
company,1
newdelhi,1
uizard,1
rmaliv,1
phyiotherapy,1
chatdpt,1
brownbutton,1
atla,1
networkmarketing,1
gameover,1
nativevideo,1
lightingnetwork,1
pdfgpt,1
yol,1
powerofpositivity,1
yoga,1
web3marketing,1
excitingtimes,1
babarazam,1
crickettwitter,1
rbiindia,1
championsleague,1
ladygaga,1
travelcompanies,1
indiangovernment,1
healthy,1
datadrivendecisions,1
npcs,1
solopreneurs,1
madonna,1
rihanna,1
ebooks,1
dataleak,1
nichesites,1
fud,1
existentialrisk,1
react,1
canadian,1
okottenet,1
asuu,1
whitecollarjobs,1
efficiency,1
aieducation,1
unplugged,1
nextjs,1
vercel,1
bigger,1
aiproblems,1
aimail,1
updatenews,1
customerexperience,1
grogan,1
hdd,1
ssd,1
pbcgroup,1
contentwriting,1
chatgptbut,1
britishblogwriter,1
gptadult,1
healthcrisis,1
byebyecoders,1
tarot,1
remix,1
wont,1
burn,1
digitalassets,1
techjunkieinvest,1
reactjs,1
techjunkienews,1
openaireleasesgpt4,1
creative,1
grammarly,1
digitalassistants,1
techtrends,1
everydayapps,1
layoffs2023,1
web5assistant,1
latestversionofgpt4,1
grv4lagos,1
lagosdecides2023,1
davido,1
windows,1
lagosforgrv,1
pygway6b,1
launchday,1
gravityform,1
ninjaform,1
wpform,1
comic,1
contactform7,1
forminator,1
ehr,1
drewbarrymore,1
accountability,1
openaischatgpt,1
mangaart,1
approved,1
marketwatch,1
wallpaperwednesdays,1
keyrelease,1
mctech3,1
retrocomputing,1
dbt,1
rewired23,1
radfellows,1
trendingtechnology,1
trendingnews,1
trendingtech,1
flappybird,1
enigma,1
artproject,1
stackoverflow,1
jfk,1
andrewtate,1
rfk,1
webarchivingwednesday,1
webarchive,1
rgphx,1
fotor,1
iwonder,1
nftcommuniy,1
shanghai,1
dreamsps4,1
artificialstupidity,1
polygene,1
mindblown,1
distinction,1
sorteo,1
steam,1
iradres,1
awestruck,1
expedia,1
banai,1
chatgpt4good,1
healthtech,1
steampunk,1
dangerzone,1
revolution,1
smartgpt,1
specialreport,1
mixon,1
cyberchess,1
techcrunch,1
futureradres,1
disabilitytwitter,1
blur,1
rlhf,1
youtubechannel,1
lovehateinu,1
computergraphics,1
indycar,1
banchatgpt,1
firstnation,1
itally,1
theblur,1
chartgpt,1
thecure,1
analyticsgpt,1
digitalimpact,1
values,1
legalmarketing,1
jazz,1
concious,1
flut,1
flutgpt,1
nezukokamado,1
xrpcommunity,1
riskmanagement,1
nocomingback,1
bobrossgpt,1
federalreserve,1
innovationnews,1
chessgpt,1
pwn,1
styleofthieves,1
singularityisnear,1
tolate,1
newprofilepic,1
marioart,1
neovim,1
podcastlife,1
gamingart,1
nes,1
scientists,1
opencog,1
happystpatricksday2023,1
textify,1
nintendo,1
thefomoisreal,1
weseeyou,1
supermario,1
careers,1
aivtuber,1
chwulo,1
style,1
genealogy,1
omakase,1
unionpacific,1
gain,1
timeblog,1
nyc,1
amsterdam,1
dc,1
dontlookup,1
gedcom,1
selfawareness,1
lol,1
illustration,1
avatar,1
startrekpicard,1
skalable,1
genapp,1
pocketgenius,1
rights,1
robotrights,1
appbuilding,1
kennedy,1
stochasticparrotsday,1
smb,1
amazonprime,1
dontlimitchatgpt,1
datafarming,1
oceanprotocol,1
mt,1
thefutureisnow,1
thefuture,1
fearmongering,1
datacleaning,1
protocolization,1
deflation,1
fanart,1
endoflife,1
gptpixels,1
pixels,1
promptbase,1
dilemma,1
argofam,1
palliativecare,1
gooddeath,1
pause_ai,1
ethical,1
efx,1
vfx,1
visualeffects,1
vfxml,1
cinemagpt,1
pumping,1
aigeneratedart,1
statistic,1
amazon,1
memeverse,1
couture,1
couturegpt,1
lowcode,1
magazeen,1
lose,1
spyxfamily,1
nezuko,1
charliebeckett,1
techforgood,1
aisolutions,1
humansgetalong,1
chargpt,1
cinema,1
scientology,1
digitaltransformation,1
matic,1
taskrabbit,1
variety,1
marchbonanza,1
marchmadness2023,1
politics,1
ksp2mission,1
discordbot,1
aerospace,1
freetherobots,1
a,1
artist,1
artoftheday,1
pixelart,1
stpatricksday2023,1
snakegame,1
energy,1
hightechheadlines,1
princeton,1
avive,1
eventplanner,1
chathpt,1
lawyer,1
justice,1
illinoistech,1
casetext,1
thedownload,1
shortsvideo,1
humancivilization,1
flashcards,1
anki,1
answer,1
mysterydata,1
writerbuddy,1
safetyfirst,1
greenpowernetwork,1
hard,1
arsscp,1
originofcovid,1
evartology,1
newsstream,1
dj,1
linkedinprofile,1
techrxiv,1
imac,1
success,1
jeritex,1
sberbank,1
vanceai,1
billgatesisdone,1
essentialcode,1
bugs,1
existentialcrisis,1
onthestreet2ndwin,1
forevergpt,1
forever,1
lisp,1
365copilot,1
darkhumor,1
zeke,1
cowboys,1
ventech,1
chatgpt2,1
makemoneyonline,1
extremism,1
einsteingpt,1
chatgptupdate,1
videogames,1
deepblue,1
pdf,1
davidjohnston,1
medtech,1
usdjpy,1
safeguards,1
mustread,1
techgig,1
teams,1
proximaplatform,1
quorapoe,1
binnington,1
bank,1
formallogic,1
logic,1
kapilsharma,1
tsunami,1
stingoperation,1
stellajustin,1
justwondering,1
luna,1
cryptostan,1
ondernemen,1
movie,1
polygonnft,1
airisks,1
chataortaai,1
computers,1
coders,1
tothemoon,1
shibgpt,1
shib,1
theaiinsider,1
kma,1
trudeaufoundation,1
devs,1
kid,1
kidgpt,1
unity,1
hiphopart,1
ye,1
kanyewest,1
yeezy,1
dopeart,1
murakami,1
bolicai,1
ring,1
monkeygpt,1
monkey,1
ÿµÿßÿ±_ÿßŸÑŸàŸÇÿ™,1
3dprinter,1
exploreyourfuture,1
thekingofsportsbooks,1
albumcover,1
graduation,1
istqb,1
entrepreneurgpt,1
litrpglarry,1
celebritiesportrait,1
useful,1
herbs,1
herbalife,1
nootropics,1
techexplained,1
ailanguagemodels,1
ae,1
dont,1
most,1
mindfuck,1
week,1
bobbycaldwell,1
cbdc,1
openaiwhoa,1
blacktwitter,1
william,1
marcus,1
openia,1
chupacabra,1
surfer,1
funnyvideo,1
darkareolas,1
gptÂÖàÁîü,1
darkhumour,1
teacher,1
aitutor,1
antireport,1
ppcchat,1
paidsearch,1
macron,1
diaz,1
virginia,1
todolist,1
gpt50,1
angiogenesis,1
datacenter,1
wayneshorter,1
whyichime,1
biotechnology,1
protein,1
aot,1
mufc,1
reaction,1
dota2,1
cannabis,1
earthquake,1
help,1
airegulation,1
imrankhanarrest,1
freethetatebrothers,1
js,1
magicai,1
shibaarmy,1
creepypasta,1
dr4x,1
gptlive,1
idomooai,1
aiwinter,1
typescript,1
cplusplus,1
jarvis,1
queen_of_spades_puzzle,1
weird,1
dm,1
dall,1
gpt4ai,1
goldmafia,1
technics,1
icp,1
gegenwart,1
creativeindustry,1
nothappening,1
pain,1
creation,1
stockmarcket,1
teachers,1
eagle,1
monsterbox,1
cloudflare,1
pyncone,1
synergy,1
taxgpt,1
positivevibes,1
feline,1
cat,1
dataprotection,1
humanplusai,1
cryptocommunity,1
lifeaftermba,1
shareforsuccess,1
rodgerstojets,1
packers,1
freewill,1
onlinelearning,1
freedomofspeech,1
consent,1
rdf,1
memorygpt,1
promptitself,1
askgpt,1
taxstrategies,1
siliconvalley,1
thelastofus,1
alexjones,1
competitiveexams,1
mediaisstupid,1
mediahype,1
vertexai,1
bathroomdesign,1
luxury,1
buzbuild,1
kohler,1
sxsw,1
trick,1
recycling,1
promptmastery,1
monster,1
limitations,1
potential,1
pumprules,1
mancity,1
twitterdown,1
ransomware,1
snapchat,1
guardiola,1
su27,1
vitamind,1
capo,1
dungeonsanddragons,1
francia,1
canalla,1
junior,1
porto,1
geomatics,1
surveyors,1
hackedinstagram,1
agentgpt,1
blender3d,1
neutroid,1
personalai,1
mlearning,1
aiassistedcontent,1
presale,1
ido,1
engineer,1
2a,1
codingboot,1
nftartist,1
phishing,1
photoshop,1
elearning,1
applications,1
pc,1
ispr,1
scandoval,1
terra,1
chatgpt„ÅßËá™ÁÑ∂Ë®ÄË™ûÂá¶ÁêÜ„ÅØÁµÇ„Çè„Çã„ÅÆ„Åã,1
softwaredeveloper,1
php,1
hellskitchen,1
foodie,1
dokwon,1
ftx,1
kotlin,1
dyvo,1
dyviai,1
aiavatar,1
deal,1
laptop,1
backpack,1
quantumcomputing,1
facebook,1
soso,1
new_blog,1
getthefutureyoudream,1
atom,1
sand,1
brutalai,1
batman,1
inbox,1
courses,1
reddwarf,1
russiaisaterroriststate,1
curious,1
definitelyaword,1
shiny,1
Ê©üÊ¢∞Â≠¶Áøí,1
youtubeseoservice,1
he,1
openaigpt4,1
teamwork,1
wednesdaythought,1
ùóöùó£ùóßùü∞,1
workfromhome,1
coffee,1
findingyourflowreview,1
googleworkspaceai,1
augmenthumanity,1
london,1
turbocharge,1
amplify,1
kulfiy,1
kulfiynews,1
kulfiytrends,1
mrrobot,1
other,1
halving,1
marathi,1
newera,1
wizcrypt,1
top20,1
hashdag,1
kas,1
lmm,1
chemicalsynthesis,1
informs,1
systemcard,1
rwnihal,1
socratic,1
method,1
marie,1
twittergpt,1
examples,1
bachelor,1
cats,1
web3domains,1
karachi,1
imrankhanpti,1
ocean,1
sea,1
matematicas,1
utilitynfts,1
wallet,1
shimuldm2,1
self,1
brootwasright,1
interview,1
jurassic2,1
100daysofhacking,1
100days,1
swtech,1
det,1
ÿ¨ÿØŸäÿØ,1
convenience,1
lawtwitter,1
dnn,1
march14,1
nlp2023,1
aiforall,1
solana,1
tunein,1
globalblockchainalliance,1
satoshicapital,1
canada,1
glq,1
me,1
goodmusic,1
bitcoins,1
immortal,1
gpt4live,1
duolingomax,1
unitedkingdom,1
coingecko,1
ethdubai,1
openaai,1
iching,1
genekeys,1
wednesdayvibe,1
digitalfashion,1
aitechtalk,1
thisismeinai,1
buenmartes,1
felizmartes,1
ifyouknowyouknow,1
bankingcrisis,1
input,1
gradient,1
sydney,1
psychic,1
grumbles,1
smirks,1
ascent,1
gatekeepers,1
goodcitizens,1
embrace,1
now,1
guidelines,1
italian,1
bankcrash,1
doberman,1
mmlu,1
gpt4hype,1
clo3d,1
spanishcommunity,1
m,1
rrrwinsoscar,1
harrykane,1
protest,1
writerslife,1
ready,1
joke,1
jordanpeterson,1
rrrforoscars,1
tokens,1
geneva,1
multimodalai,1
bling,1
richbot,1
makingmoney,1
diamonds,1
accessbank,1
opay,1
auntyesther,1
anthropomorphic,1
gptonline,1
voicenotes,1
walletid,1
powershell,1
tuesdayunscramble,1
tld,1
cocainebear,1
new,1
codegpt,1
justannounced,1
bingsearch,1
ghatgpt,1
morpheus,1
zimbabwe,1
aitakeover,1
foresightdaily,1
gm,1
xauusd,1
healthforall,1
ads,1
streetchurchh,1
retro,1
gn,1
drumming,1
kyt,1
microsoftlife,1
moderlanguage,1
ailanguage,1
googlr,1
bbb23,1
‰∏äÊßò„ÅÆgif,1
putin,1
imgnai,1
iteachmath,1
resumetips,1
lawschool,1
nacho,1
edgeofinnovation,1
boredape,1
jobsearch,1
cv,1
pivot,1
apctnews,1
citations,1
bmc,1
lmu,1
rndr,1
man,1
grt,1
openseanft,1
hotmail,1
gaslighting,1
thefastandthefurious,1
icr2,1
qualitiesofagoodfemalelover,1
aicryptos,1
mankind,1
launches,1
review,1
innoaura,1
typergpt,1
screenwriting,1
inputs,1
kickrtechnology,1
programmer,1
usdtgiveaway,1
newsbytesexplainer,1
medicalstudent,1
nursingschool,1
nursingessay,1
elsagate,1
bnbitcoin,1
haland,1
protocollabs,1
cryptio,1
globalworming,1
aiproduct,1
rabbits,1
honesty,1
sproperties,1
workingwithgpt4,1
mockup,1
econtwitter,1
webapp,1
highschool,1
makersuite,1
health,1
simulated,1
graphicdesigns,1
cahtgpt,1
businessideas,1
announces,1
advanced,1
pass,1
struggles,1
responsibility,1
svbbank,1
bullrun,1
sciencefiction,1
oupes,1
portablepowerstations,1
neetpg2023,1
europeanchatbot,1
rss,1
langtwt,1
sellingcontents,1
chatsonic,1
nash,1
gateio,1
bitget,1
kucoin,1
websitesecurity,1
ssl,1
jpmorgan,1
woldcoin,1
filecoin,1
lido,1
cz,1
cosmos,1
gpt4waitinglist,1
s23ultra,1
bitstamp,1
synalcom,1
recovery,1
nifty,1
nifty50,1
incremental,1
lazard,1
multimodality,1
qori,1
irl,1
machineminds,1
humanresources,1
ethicalhacking,1
account,1
polygoncommunity,1
googlepalm,1
infiltration,1
lost,1
suspended,1
justinsun,1
lookonchain,1
airesearchpause,1
theft,1
awareness,1
travels,1
gps,1
vehicle,1
hannaharendt,1
opacityplusthoughtlessness,1
cancelculture,1
bigbard,1
lille,1
deathoftheessay,1
sol,1
trader,1
dl,1
tshirtdesign,1
uxdesigner,1
uidesigner,1
lmms,1
gschat,1
transcript,1
1000x,1
library,1
udemy,1
mofs,1
btcusdt,1
bscgem,1
ai4medicine,1
dailyuix,1
forecast,1
uiuxdailydesign,1
quantumvirtualcard,1
ipeakoin,1
schoolpsychologist,1
schoolpsychlife,1
roboticsai,1
fraudprevention,1
threatintel,1
progress,1
optimism,1
newsalert,1
thetown2023,1
tierradenadie2,1
robuxgiveaway,1
robloxrobux,1
cracked_games_store_x,1
robux,1
hafiz,1
elonmusknews,1
empathy,1
cheltenhamfestival,1
youngma,1
nba,1
meritocracy,1
thehumanteam,1
alphago,1
encryption,1
chatppc,1
ugocugo,1
beef,1
leonardoai,1
deepl,1
youtubeautomation,1
yta,1
mathchat,1
johnnydavis,1
multiversx,1
spongebob,1
squidward,1
asciiart,1
humantek,1
setmefree_pt2,1
lassoajuiciopolitico,1
gilmoregirls,1
haram,1
pinetwork,1
abacha,1
uowork,1
alvarez,1
spiritual,1
messi,1
efcc,1
sailor,1
ugccreator,1
teslastock,1
aiartsociety,1
joebiden,1
katha,1
falserapecases,1
‡§∞‡§æ‡§¨‡§°‡§º‡•Ä‡§¶‡•á‡§µ‡•Ä,1
kingston,1
datatraveler,1
nftgiveaways,1
babyai,1
trumps,1
languageprocessor,1
golang,1
voyager,1
jinglemining,1
clintons,1
ttrpg,1
trendingmiddleeast,1
erc20,1
disclaimer,1
intraday,1
target,1
banknifty,1
sell,1
ios17,1
aimoviescript,1
hashtag,1
majapostu,1
madrasdiaries,1
tomato,1
ronaldo,1
murphy,1
labor,1
physics,1
investments,1
jailbreaking,1
marketintelligence,1
„Åï„Åè„Çâ„Åø„ÅìÁîüË™ïÁ•≠2023,1
„Åï„Åè„Çâ„Åó„ÇÅ„Åò,1
„Åï„Åè„Çâ„Ç∑„É≥„Éá„É¨„É©,1
„Åï„Åè„Çâ„Å≠„Åì,1
„Ç¥„É≥„ÉÅ„É£„ÅÆÊñ∞‰Ωú,1
solidity,1
textart,1
earnmoneyonline,1
arizona,1
kpop,1
russiacollusionhoax,1
proceduralart,1
solve,1
ugc,1
„Åï„Åè„ÇâÂí≤„Åè„Çµ„ÇØÊäπËå∂„Éï„É©„Éö„ÉÅ„Éº„Éé,1
„Åï„Åè„Çâ„Åø„Åì,1
„Åï„Åè„Çâ,1
„Åï„Åè„Çâ„Åø„ÅìÁîüË™ïÁ•≠,1
zkrollups,1
delivery,1
drug,1
kickstreaming,1
dailyaiart,1
usdcdepeg,1
yetta,1
farcaster,1
ashwini,1
rahu,1
doctorinnovator,1
diup,1
polls,1
cryptobeginner,1
madmen,1
speedupgrade,1
gptown,1
databases,1
tel,1
translation,1
hcldr,1
chattensor,1
gptstudio,1
indiehacker,1
ford,1
loveit,1
ai_morality,1
principles,1
disruptivetech,1
financialservices,1
gpt4careeradvice,1
auto,1
wolframlanguage,1
social,1
gan,1
ordinal,1
ubc,1
hubspotcrm,1
cybertruck,1
talent,1
techgigasks,1
usesofchatgpt,1
hawex_members,1
wikipedia,1
behavioralscience,1
agriculture,1
aidesign,1
pe,1
interactivefiction,1
ecosystems,1
showing,1
saiyan,1
twitterblue,1
10x,1
stfu,1
ageofai,1
fhir,1
dragonballz,1
aimusicianchallenge,1
tokenomics,1
biogpt,1
bingimagecreator,1
edwardwitten,1
financial,1
todamoon,1
creatorclash2,1
aihack,1
searchengineaichatfeature,1
edgeusers,1
behaviors,1
marketingdigital,1
character,1
tab,1
humanwork,1
coopretail,1
chattpt,1
freelancing,1
earning,1
platforms,1
instareels,1
accuracy,1
medical,1
singularitynet,1
hackernews,1
updates,1
socialmediamarketing,1
aiflash,1
tq,1
rubyproject,1
rubyprogramming,1
aiprogramming,1
rubydispatch,1
asilomarprinciples,1
slack,1
bingaitakesthelead,1
toolset,1
openaitoolset,1
aitoolset,1
genes,1
flutterai,1
openassistant,1
newgpt4,1
top10ways,1
smallbusiness,1
clevelandart,1
inspiration,1
imagination,1
humaningenuity,1
gardenofcreativity,1
funnychatgpt,1
aseprite,1
spam,1
helm,1
text23d,1
gemini,1
ixigo,1
forced,1
bhai,1
nftdrop,1
riddle,1
cybersecurityassistant,1
waitingforgodot,1
knowledgegraphs,1
ushi,1
communism,1
speaking,1
speaker,1
speak,1
formula1,1
soviet,1
optins,1
arbitrumtoken,1
arbitrumairdrop,1
virtualvolunteer,1
conlang,1
capital,1
fenellaamarasinghe,1
mefa,1
bett23,1
iq,1
browsing,1
reach,1
tweets,1
hastags,1
crazy,1
twitchstreamers,1
millions,1
bert,1
fsb,1
gptplugins,1
poetryinmotion,1
symphonyofconnection,1
multimodel,1
signs,1
cyberdefence,1
corner,1
techhype,1
studio,1
aidilemma,1
opinionpolls,1
surveys,1
calendars,1
date,1
callbard,1
mark,1
civilrights,1
nvidiagtc,1
theedtechnewsbrief,1
canvadocs,1
adapt,1
investors,1
psychedelics,1
egodeath,1
sun,1
sleep,1
days,1
day,1
smart,1
exoeskeletonai,1
exoeskeleton,1
challenge,1
magicthegathering,1
pausegiantai,1
agipath,1
thebatch,1
gaschess,1
legends2023,1
article,1
homebard,1
general,1
sinapse,1
murfy,1
timely,1
worth,1
githubcopilot,1
marketingagency,1
seochat,1
stevejobs,1
daobard,1
databricks,1
dolly,1
gptsecurity,1
ww2,1
fastapi,1
museengine,1
fireflies,1
tome,1
jenniai,1
baking,1
chomsky,1
sparksofagi,1
microsoftai,1
creditcard,1
worldwartwo,1
newsprescription,1
loveisblind,1
chatgptfree,1
aiexploration,1
securityflaws,1
ntp,1
deeznuts,1
bardhello,1
motivation,1
trainedonmydata,1
chatgptbugs,1
laravel,1
kama,1
hooked,1
iraj_tahmasb,1
conversations,1
textbased,1
aijob,1
creating,1
openopporunity,1
contentraccoon,1
alibaba,1
webgpt,1
teslaaibot,1
aimedicine,1
aidoctor,1
searchengineoptimization,1
generativei,1
vetmed,1
vetfuturist,1
ibs,1
amd,1
nvda,1
nouvelles,1
trasnslation,1
capsulenetworks,1
nowaiai,1
howto,1
mit,1
connected2023,1
advantage,1
competitive,1
shows,1
papers,1
funniesttweets,1
howtos,1
subscription,1
clientplugins,1
client,1
b3d,1
biotech,1
biology,1
openaicontent,1
guide,1
socialmining,1
pictoryai,1
redis,1
chatmnc,1
features,1
amazing,1
discordserver,1
aiwars,1
voice,1
codage,1
bingcreate,1
fintechbo,1
workspace,1
doglovers,1
solopreneur,1
startupgoals,1
whitemagic,1
develop,1
codegenerator,1
professors,1
aiedu,1
pandemic,1
stevewozniaktech,1
bardjoy,1
collaboration,1
techtalk,1
aimemes,1
letsdance,1
novektechnology,1
tezosnfts,1
sondage,1
intelligenceartificielle,1
phisical,1
blogpost,1
trendingtopics,1
parenting,1
challenges,1
scores,1
hallucination,1
benchmarks,1
ais,1
chatgptdownload,1
max_tokens,1
schools,1
kryptai,1
wearables,1
magentolaunchedbyai,1
mba,1
ustd,1
humanoidrobot,1
burninbook,1
conversationsforchange,1
microsof,1
microsoftedge,1
ignorance,1
grc,1
bigtech,1
leadership,1
trendinghot,1
dndmovie,1
ethicalguidelinesneeded,1
eu,1
genome,1
sraiai,1
web3media,1
rickastley,1
bridge,1
digitalhumans,1
taylorswift,1
gpt3turbo,1
m3gan,1
kabul,1
afghanistan,1
unitedstates,1
dyk,1
collegestudents,1
biome,1
applecofounder,1
aidevelopment,1
twitteralgorithm,1
cheatday,1
cake,1
domainsales,1
customerservice,1
interpreters,1
translators,1
promptalchemists,1
introspection,1
morality,1
platosallegory,1
labyrinthofmorality,1
aimusic,1
contextzooming,1
sages2023,1
aiinindia,1
naurallanguageprocessing,1
moneytoaster,1
beautifulsoup,1
compose,1
aimeme,1
tweet,1
hinge,1
businessgrowth,1
bingchatbot,1
codenewbies,1
collage,1
aliz,1
aiopensource,1
intercom,1
aitrainer,1
fanfiction,1
powerfulai,1
microsoftcopilot,1
zerowastezen,1
avi,1
ehrs,1
youdownwithstt,1
androiddev,1
fsd,1
opusclip,1
bubble,1
bandwagon,1
aibot,1
indiedeveloper,1
bci,1
starlink,1
agenda2030,1
brg,1
instagram,1
humanoid,1
zeeoriginals,1
generativeal,1
gdpr,1
girlswhocode,1
pausellm,1
agents,1
italia,1
ÿ™ŸÑÿÆŸäÿµ,1
boat,1
lucy,1
newsletter,1
bitsandbytes,1
bluecheck,1
lemon8,1
defense,1
imandat,1
fraud,1
totp,1
arrives,1
trustworthy,1
bengaluru,1
banned,1
memedaily,1
aipolicy,1
gptmodels,1
stop,1
architects,1
ukraine,1
startrek,1
bubbleio,1
arwx,1
programmingjoke,1
replicate,1
sonicpi,1
nouvelleenergie,1
bingapp,1
homosapiens,1
powerapps,1
powerautomate,1
customconnector,1
techbuddy,1
afmpn,1
quantummechanics,1
onlineclasses,1
decisivelydigital,1
ssblogwatch,1
semiotics,1
aishibceo,1
nftmarketplace,1
essays,1
comment,1
teachermatic,1
ehealth,1
himss23,1
covid,1
decentralized,1
xinjiang,1
prison,1
worldstar,1
writersoftwitter,1
top,1
backend,1
national,1
nationalgpt,1
gptusers,1
gt_icp4,1
aijobs,1
assignments,1
medicalnote,1
realtime,1
salestips,1
handshake,1
hns,1
detection,1
times,1
armsrace,1
sales,1
salestech,1
nonsense,1
saleshack,1
course,1
strike,1
book,1
nouvelle,1
nouvelleai,1
edm,1
humanvsai,1
workout,1
inlandempire,1
8horses,1
electricchildfilm,1
central,1
decentralization,1
thewifeshowmax,1
rhodurban,1
woolieseaster,1
citrosoda,1
reachforrelief,1
standardization,1
agentconversationnel,1
earnmoney,1
ar,1
resilience,1
risingfromadversity,1
humanspirittriumphs,1
mindmap,1
gpt4down,1
adaquest,1
evolution,1
cowenconvos,1
cinextech,1
imdb,1
sequencediagram,1
phoenixofresilience,1
blackmirror,1
fingpt,1
telugu,1
punjabi,1
kynto,1
shubhapallaba,1
ipl2023,1
egde,1
stripegpt,1
logocentrism,1
healthcareai,1
medicineai,1
superintelligence,1
aisystems,1
easyapi,1
pokemonscarletviolet,1
boilerupdates,1
yang,1
muhammad,1
activation,1
timespro,1
moratorium,1
futureoflifeinstitute,1
neurosurgery,1
testing,1
thursdayvibes,1
globalmarket,1
googleanalytics,1
measure,1
bettingtips,1
aibetting,1
ensdomain,1
nabe2023,1
threejs,1
stanfordhai,1
capetown,1
jamesjoyce,1
shortstory,1
zks,1
montenegro,1
kwon,1
aiinhealthcare,1
techie,1
usdollar,1
improved,1
us,1
3dprint,1
lasercutting,1
aiauditing,1
strategies,1
jupyterlab,1
timelinecleanser,1
genie,1
ÿ™ÿ∑ÿ®ŸäŸÇ,1
imstats,1
zapier,1
aisocialmedia,1
glacial,1
college,1
issues,1
arvrinedu,1
stargateuniverse,1
paperless,1
aiineducation,1
searching,1
aihumour,1
bible,1
hereallweek,1
gpt100,1
wbc2003,1
mcrmelbourne,1
biblebuild,1
shoggoth,1
eacc,1
knowledgetax,1
opendata,1
buildings,1
osm,1
openstreetmap,1
overpass,1
chatgptinsight,1
bts,1
gpt3_5,1
googleworkspace,1
earingwithgpt4,1
gdc23,1
gdc,1
cheeve,1
luxuryecommerce,1
thecityofmadness,1
strip,1
mytwitteranniversary,1
gpt10,1
gpt2001,1
material,1
epitwitter,1
pr,1
packersnation,1
birthdaygpt,1
birthday,1
topaitools,1
automotivedesign,1
xcode,1
dracula,1
causalinference,1
twitterlogo,1
nuclearenergy,1
cs,1
bash,1
globalempire,1
operationalefficiency,1
timemanagement,1
lifehack,1
poweredbyai,1
thefutureisai,1
ùêêùêÆùê´ùêöùêßùêÜùêèùêì,1
virtual,1
thegoodlifeedu,1
nsa,1
cia,1
kryptos,1
radenitepower,1
batteryhumor,1
moonshot,1
degens,1
superhero,1
robinhood,1
foundationgpt,1
foundation,1
mmovrpg,1
ksp2,1
peer,1
mastodon,1
nvidiaomniverse,1
horror,1
deepsearch,1
oto,1
generation,1
chatgpt4ai,1
lanparty,1
marvel,1
financialfreedom,1
claudeunhinged,1
gems,1
thesopranos,1
beautypromix,1
railways,1
lfg,1
cgi,1
pocox5,1
poco,1
nothingear2,1
pytorch2,1
llama13b,1
audiodescription,1
oat,1
dbml,1
geometricunity,1
chatgpt‰Ωø„Åà„Å™„ÅÑ,1
artists,1
nodeexpress,1
trends,1
aiscript,1
immersive,1
problemsolving,1
aianimation,1
inovation,1
zeroinvestment,1
gpt1,1
aiprompt,1
unpopularopinion,1
bullish,1
cyber,1
stability,1
reflectedidentity,1
magicmirror,1
operationtweetstorm,1
maga,1
openpose,1
controlnet,1
snarkyrobots,1
information,1
digitalminds,1
perils,1
karnofsky,1
holden,1
exponentialgrowth,1
visualgpt,1
businessplan,1
transcendix,1
transendix,1
ironman,1
codingassistant,1
competitoranalysis,1
myothercarisarobot,1
listening,1
ft,1
basic,1
workplace,1
backdoor,1
gpt4vsgpt3,1
kiboshib,1
aijokes,1
funnyjokes,1
airuinedthejoke,1
gptban,1
techbytes,1
concern,1
agile,1
global_technology,1
kanban,1
fractal,1
shader,1
polygon,1
blackbox,1
adobe,1
airdrops,1
memegpt,1
uniqspot,1
letsgetspot,1
ethdenver,1
copilot365,1
digitalrevolution,1
vectordb,1
natorvirals,1
wealth,1
control,1
simulation,1
aistyle,1
weekendvibes,1
toshitools,1
plan,1
talentdevelopment,1
humors,1
khanmigo,1
chatgptbusiness,1
freegpt4,1
enshittification,1
lumaai,1
link,1
springcue,1
ai_asciiart,1
healthcaremarketing,1
scared,1
cybersecurite,1
dailycoding,1
customer,1
reviewstechhub,1
ailovers,1
chatgptonline_io,1
aigenerated,1
naruto,1
hkgk,1
shibai,1
essaywriting,1
gen1,1
collegeessay,1
hustle,1
aiescapeplan,1
studentessay,1
essaytok,1
chatgptessay,1
algotrading,1
altcoinbuzzdiscover,1
techicons,1
kamoulox,1
ÿ≥ÿπŸàÿØŸä_ÿ¢ŸäÿØŸàŸÑ,1
justicefornahashon,1
preventivecare,1
svg,1
javascript30,1
attentionseeking,1
validation,1
crm,1
1st_question,1
codereview,1
„Å≤„Çç„Åå„Çã„Éõ„É≠„É©„Ç§„Éñday1,1
stablediffusionwaifu,1
Â§ßÁóÖÈô¢Âç†Êã†,1
png,1
nodesofagreement,1
spacetwitter,1
nftcommunitys,1
nftcollectors,1
weakai,1
futureworld,1
gpthustle,1
ihuman,1
saudi,1
saudichatgpthackathon,1
academy,1
hess,1
codinglife,1
aigeneratedimagescopyright,1
tsuka,1
scrnaseq,1
bangalore,1
newtonschool,1
market,1
clownworld,1
glendaletstheerastour,1
hardware,1
safetyexpert,1
beginning,1
griftersgonnagrift,1
sd„Éó„É©„Çπ,1
gmt,1
kubernetes,1
iit,1
breakthrough,1
primarycare,1
gpterc,1
guidetoguides,1
sarcasticrobot,1
cryptocurrencymarket,1
freedom,1
tuesdaymotivaton,1
1000xgems,1
inflation,1
datagrifters,1
freechatgpt4,1
fakeai,1
dragonfly,1
sage,1
mathematics,1
op,1
aibusiness,1
musicproducer,1
producer,1
beat,1
typebeat,1
tuesdayvibe,1
flstudio,1
thelittlemermaid,1
sdfatezero,1
ainvest_magic,1
dribbble,1
googooduck,1
metalayoffs,1
singulariteit,1
apeswap,1
techlayoffs,1
twitterlayoffs,1
amazonlayoffs,1
facebooklayoffs,1
googlelayoffs,1
aiinmedicine,1
dataarchiving,1
archiveai,1
databreach,1
mastercard,1
tuesdayfeeling‡§ï‡§¨‡•Ä‡§∞,1
gen2,1
nice,1
microsofts,1
notetaking,1
tool,1
clinician,1
reveals,1
nuance,1
julialang,1
autonomous,1
roaring20s,1
organoidintelligence,1
sentient,1
2001aspaceodyssey,1
greedventory,1
dailyui,1
uiinspiration,1
from0to10kchallenge,1
threat,1
needhelp,1
billgates,1
royalty,1
spring,1
wallpaper,1
aiconsciousness,1
metaversex,1
c64,1
intriguing,1
weekendhack,1
noagenda,1
100daysofgenerativeai,1
axiosam,1
globaldata,1
televisiongpt,1
physiotherapy,1
rehab,1
electricthoughts,1
morningcontemplations,1
monday,1
cimon,1
pyarmaiblind,1
calorun,1
nonviolentcommunication,1
nvc,1
aiman,1
dotoearn,1
hrtech,1
transition,1
chemtwitter,1
chatpgt,1
calculators,1
llmai,1
hungry,1
m365,1
learntocode,1
digitalherts,1
hustlegpt4,1
sustainability,1
cleanenergy,1
agency,1
reflective,1
gptmarijuana,1
deepfake,1
aigames,1
youchat,1
zdf,1
hackers,1
risk,1
gamechanging,1
reserve,1
reservegpt,1
ibm,1
scaleai,1
biggiesmalls,1
mars,1
human_chatgpt_ineteraction,1
hci,1
aigirl2123,1
government,1
onchain,1
freemint,1
chatgptplugin,1
twitchaffiliate,1
cbdcs,1
beamer,1
gptbeamer,1
adobefirefly,1
christianity,1
public,1
aicommunity,1
palmprompts,1
levelupemily,1
r,1
email,1
write,1
legend,1
ncce23,1
epic,1
nlu,1
themasterplan,1
gpttoken,1
stream,1
robotsmaketv,1
animations,1
continuousimprovement,1
domainsherpa,1
designtwitter,1
machineprompts,1
artificialintellegence,1
lawfirms,1
dontbeevil,1
faith,1
praisegpt,1
praise,1
afternic,1
squadhelp,1
brandbucket,1
dnacademy,1
iiot,1
weed,1
educategpt,1
machine,1
stevewozniak,1
ghetto,1
gptvals,1
organization,1
artistgpt,1
locally,1
host,1
sketch,1
iceland,1
society,1
microservices,1
dostoyevsky,1
elo,1
machineintelligence,1
digitalempires,1
ubs,1
virtualland,1
syntheticsouls,1
emotions,1
ciso,1
cio,1
capacity,1
system,1
storage,1
tc23,1
beingovee,1
tableau,1
onenote,1
foodforthought,1
sundayread,1
pyr,1
filmnoir,1
historicalfiction,1
generativepretrainedtransformer,1
web_content,1
haloinfinite,1
diversity,1
diabloiv,1
judiciary,1
feedback,1
mods,1
qatar2022,1
qatar,1
pennystock,1
promptquestions,1
podcasts,1
chrome,1
devk,1
javaland,1
sharebutton,1
thetechshala,1
bestrouter,1
ffmpeg,1
judicial,1
snoopy,1
thoughts,1
amazonaffiliate,1
replace,1
creativeworkishumanwork,1
seogrimoire,1
minhazulasif,1
typist,1
typistai,1
charliebrown,1
learnontiktok,1
howtousechatgpt,1
three,1
aiwriting,1
3dwegbl,1
bloggingtips,1
3dprinted,1
kolkata,1
gptw4all,1
gpat3,1
amwriting,1
daas,1
dataasaservice,1
capcut,1
splice,1
dolores,1
opensea,1
westworld,1
therapists,1
psychology,1
bnbchainindia,1
binancesmartchain,1
liiimarinaida,1
death,1
laguagemodel,1
aifilms,1
modelscope,1
taxfarmers,1
jeets,1
manta,1
psychohistory,1
e338e1,1
space,1
mentalhealthawareness,1
honorworld,1
gazillionskylanterns,1
usecase,1
daemon,1
goblue,1
expressoshow,1
extraeleganceextrapower,1
openaiwaitlist,1
florida,1
academicwriting,1
gettrump,1
mev,1
sandwichattacker,1
web3auditing,1
1bitcoin,1
cyc,1
copyright,1
ailegalassistant,1
unittests,1
refactoring,1
vaiot,1
dementia,1
wine,1
salvadordali,1
dementiacaregiver,1
floridagpt,1
aussie,1
church,1
accent,1
aitoolhunt,1
rich,1
france,1
datavisualization,1
gptnews,1
portraitart,1
projectvoice,1
elvish,1
californiagpt,1
california,1
plair,1
node,1
